municipality_id,microrregion_id
1100809,11001
1100205,11001
1101104,11001
1100338,11001
1100700,11001
1100940,11001
1100452,11001
1100106,11002
1100080,11002
1101492,11002
1100023,11003
1101401,11003
1100403,11003
1100262,11003
1100601,11003
1100130,11003
1101757,11003
1101609,11004
1101005,11004
1100114,11004
1100155,11004
1100254,11004
1101807,11004
1101302,11004
1101559,11004
1101708,11004
1101435,11004
1100122,11004
1100320,11005
1100346,11005
1101500,11005
1100148,11005
1100015,11006
1100288,11006
1100379,11006
1100296,11006
1100502,11006
1100908,11006
1101203,11006
1100098,11006
1100049,11006
1101484,11007
1100189,11007
1101450,11007
1101476,11007
1100304,11007
1100924,11007
1100056,11008
1100072,11008
1101468,11008
1100031,11008
1100064,11008
1200351,12001
1200203,12001
1200427,12001
1200393,12001
1200336,12001
1200328,12002
1200609,12002
1200302,12002
1200344,12003
1200435,12003
1200500,12003
1200013,12004
1200450,12004
1200179,12004
1200401,12004
1200807,12004
1200138,12004
1200385,12004
1200104,12005
1200252,12005
1200708,12005
1200054,12005
1303809,13001
1303601,13001
1300409,13001
1303205,13001
1302108,13002
1302801,13002
1301605,13003
1302306,13003
1303700,13003
1303908,13003
1300201,13003
1304237,13003
1300060,13003
1300607,13003
1304062,13003
1301001,13004
1302207,13004
1301407,13004
1301654,13004
1301506,13004
1301803,13004
1301951,13004
1300029,13005
1304260,13005
1304203,13005
1301209,13006
1300631,13006
1301308,13006
1300102,13006
1300839,13006
1300086,13006
1301159,13007
1302553,13007
1301852,13007
1300300,13007
1301100,13007
1302603,13007
1302504,13007
1303569,13008
1303536,13008
1303106,13009
1302009,13009
1304401,13009
1301902,13009
1304005,13009
1300680,13010
1302900,13010
1303007,13010
1303403,13010
1300508,13010
1303957,13010
1304302,13010
1300706,13011
1303502,13011
1300904,13012
1302405,13012
1304104,13012
1300805,13013
1303304,13013
1302702,13013
1301704,13013
1300144,13013
1400100,14001
1400050,14001
1400456,14001
1400027,14001
1400175,14002
1400159,14002
1400704,14002
1400407,14002
1400308,14003
1400209,14003
1400282,14003
1400605,14004
1400233,14004
1400506,14004
1400472,14004
1505106,15001
1507979,15001
1503903,15001
1505304,15001
1503002,15001
1504752,15002
1501451,15002
1506807,15002
1506005,15002
1500404,15002
1504802,15002
1505650,15002
1502855,15002
1500503,15003
1505908,15003
1505809,15004
1504505,15004
1501105,15004
1503101,15004
1501808,15005
1507706,15005
1500701,15005
1502806,15005
1500305,15005
1502509,15006
1504901,15006
1507904,15006
1502004,15006
1506401,15006
1506302,15006
1505700,15006
1500800,15007
1504422,15007
1506351,15007
1501303,15007
1501501,15007
1501402,15007
1506500,15008
1501907,15008
1507003,15008
1503408,15008
1502400,15008
1508209,15009
1502608,15009
1507102,15009
1507466,15009
1502905,15009
1504109,15009
1504307,15009
1507961,15009
1504406,15009
1507474,15009
1506203,15009
1506609,15010
1503200,15010
1507409,15010
1500909,15010
1508035,15010
1501709,15010
1506104,15010
1506112,15010
1505007,15010
1506906,15010
1502202,15010
1505601,15010
1501600,15010
1504000,15011
1505205,15011
1504604,15011
1502103,15011
1500107,15011
1503309,15011
1501204,15011
1502756,15012
1500206,15012
1508001,15012
1507953,15012
1504703,15012
1507607,15013
1503507,15013
1507201,15013
1508308,15013
1501956,15013
1506559,15013
1503457,15013
1500958,15013
1504059,15013
1504950,15013
1503077,15013
1505403,15013
1502301,15013
1501006,15014
1506195,15014
1503606,15014
1505031,15014
1508050,15014
1503754,15014
1505486,15015
1500859,15015
1501725,15015
1500602,15015
1508357,15015
1508159,15015
1507805,15015
1504455,15015
1503804,15016
1503705,15016
1504976,15016
1501782,15016
1508100,15016
1505064,15016
1508126,15017
1505502,15017
1502939,15017
1500131,15017
1506187,15017
1501576,15017
1503093,15017
1502764,15018
1501253,15018
1508084,15018
1507300,15018
1505437,15018
1502954,15019
1502772,15019
1502152,15019
1505536,15019
1500347,15019
1507508,15020
1501758,15020
1505494,15020
1504208,15020
1507151,15020
1507458,15021
1505635,15021
1506138,15021
1505551,15021
1508407,15021
1506161,15021
1507755,15021
1502707,15022
1506708,15022
1503044,15022
1506583,15022
1600501,16001
1600204,16001
1600105,16002
1600709,16002
1600550,16002
1600600,16003
1600303,16003
1600253,16003
1600212,16003
1600535,16003
1600055,16003
1600238,16003
1600154,16003
1600402,16004
1600279,16004
1600808,16004
1718550,17001
1706506,17001
1701002,17001
1701051,17001
1721208,17001
1712454,17001
1714302,17001
1703826,17001
1712801,17001
1713809,17001
1720002,17001
1700301,17001
1720200,17001
1718303,17001
1720101,17001
1710706,17001
1703800,17001
1707405,17001
1718808,17001
1720309,17001
1702208,17001
1702554,17001
1703891,17001
1720804,17001
1702901,17001
1722081,17002
1703883,17002
1701309,17002
1714880,17002
1702158,17002
1717206,17002
1722107,17002
1716307,17002
1713957,17002
1718865,17002
1702307,17002
1707702,17002
1702109,17002
1703008,17002
1705508,17002
1703057,17002
1715705,17002
1701903,17003
1707108,17003
1703107,17003
1713700,17003
1700251,17003
1703909,17003
1712504,17003
1707207,17003
1718709,17003
1713304,17003
1713205,17003
1721257,17003
1718402,17003
1716653,17003
1706001,17003
1711100,17003
1708254,17003
1708304,17003
1716703,17003
1709302,17003
1703602,17003
1721307,17003
1703206,17003
1711803,17003
1707553,17004
1715507,17004
1706100,17004
1716109,17004
1704600,17004
1717503,17004
1711902,17004
1715002,17004
1718451,17004
1707306,17004
1708205,17004
1702000,17004
1718840,17004
1718899,17005
1703701,17005
1720259,17005
1700350,17005
1706258,17005
1707652,17005
1716604,17005
1703867,17005
1720978,17005
1720853,17005
1715754,17005
1709500,17005
1711506,17005
1700707,17005
1721000,17006
1712009,17006
1701101,17006
1718204,17006
1720655,17006
1709807,17006
1713601,17006
1721109,17006
1716505,17006
1703305,17006
1718881,17006
1712405,17007
1720150,17007
1712702,17007
1719004,17007
1718758,17007
1715101,17007
1711951,17007
1717909,17007
1703073,17007
1703842,17007
1709005,17007
1704105,17007
1718501,17007
1710904,17007
1710508,17007
1717008,17008
1718907,17008
1705102,17008
1714203,17008
1716208,17008
1720499,17008
1717800,17008
1705557,17008
1700400,17008
1718006,17008
1720937,17008
1715150,17008
1712157,17008
1702703,17008
1707009,17008
1720903,17008
1715259,17008
1718659,17008
1705607,17008
1702406,17008
2100204,21001
2101350,21001
2101905,21001
2102408,21001
2104909,21001
2111789,21001
2103109,21001
2103125,21001
2100832,21001
2101301,21001
2103703,21001
2109056,21001
2106805,21001
2109452,21002
2107506,21002
2111300,21002
2111201,21002
2105104,21003
2109601,21003
2101251,21003
2110203,21003
2107100,21003
2102374,21003
2101103,21003
2109205,21003
2110278,21004
2101707,21004
2109403,21004
2105005,21004
2108058,21004
2112506,21004
2108603,21005
2107605,21005
2110500,21005
2108256,21005
2109270,21005
2109809,21005
2108405,21005
2100709,21005
2108306,21005
2112902,21005
2106508,21005
2111706,21005
2112803,21005
2111003,21005
2107456,21005
2102507,21005
2101004,21005
2101772,21005
2105153,21005
2106904,21005
2103554,21005
2107209,21006
2106631,21006
2108801,21006
2105401,21006
2112704,21006
2109304,21006
2102705,21006
2106755,21006
2112407,21007
2112456,21007
2104305,21007
2101970,21007
2106201,21007
2100550,21007
2105658,21007
2103174,21007
2103158,21007
2106326,21007
2106375,21007
2102606,21007
2102903,21007
2104677,21007
2102002,21008
2108504,21008
2110005,21008
2107357,21008
2111029,21008
2114007,21008
2109908,21008
2100477,21008
2104651,21008
2100873,21008
2112274,21008
2100402,21008
2106359,21008
2105708,21008
2102150,21008
2105963,21008
2108108,21008
2113009,21008
2110039,21008
2109239,21008
2102325,21008
2102036,21008
2100600,21009
2105989,21009
2102358,21009
2104552,21009
2111763,21009
2103752,21009
2103257,21009
2107001,21009
2112852,21009
2109551,21009
2105302,21009
2105500,21009
2111532,21009
2100055,21009
2105427,21009
2110856,21009
2108702,21010
2111409,21010
2105906,21010
2101202,21010
2111508,21010
2111722,21010
2107407,21010
2102077,21010
2110302,21010
2111631,21010
2101939,21010
2105807,21010
2105948,21010
2106003,21010
2112233,21010
2108900,21010
2104008,21010
2105203,21010
2111672,21010
2108207,21010
2105609,21011
2109759,21011
2112308,21011
2100956,21011
2104099,21011
2104800,21011
2111805,21011
2105476,21011
2105351,21011
2101608,21011
2104081,21011
2111250,21012
2104206,21012
2104701,21012
2104602,21012
2110708,21012
2111748,21012
2109106,21012
2104628,21012
2104404,21012
2104503,21012
2103802,21012
2110104,21013
2100907,21013
2110237,21013
2100154,21013
2110609,21013
2106300,21013
2102200,21014
2102101,21014
2106409,21014
2110401,21014
2112605,21014
2101731,21014
2100808,21014
2106672,21014
2103208,21014
2100436,21015
2102754,21015
2103307,21015
2112100,21015
2103604,21015
2108454,21015
2100105,21016
2103901,21016
2103406,21016
2100303,21016
2103000,21017
2111078,21017
2106607,21017
2107803,21017
2112209,21017
2102309,21017
2107704,21018
2110906,21018
2108009,21018
2101509,21018
2105922,21018
2107308,21018
2107902,21018
2111102,21018
2111953,21018
2103505,21018
2105450,21018
2111904,21018
2106706,21018
2102556,21019
2104057,21019
2111052,21019
2109007,21019
2111573,21019
2102804,21019
2112001,21020
2101400,21020
2104073,21020
2109502,21020
2100501,21020
2101806,21021
2110658,21021
2106102,21021
2110807,21021
2111607,21021
2109700,21021
2104107,21021
2107258,21021
2206209,22001
2208502,22001
2202174,22001
2201770,22001
2201200,22001
2202059,22001
2206803,22001
2201960,22001
2208403,22001
2205854,22001
2205458,22001
2201507,22001
2205409,22001
2206100,22001
2203701,22001
2206670,22001
2205805,22001
2209971,22001
2202703,22002
2201919,22002
2202653,22002
2202539,22002
2202083,22002
2202000,22002
2206696,22002
2202729,22002
2205706,22002
2207702,22002
2204659,22002
2208304,22002
2209872,22002
2210052,22002
2203255,22003
2205581,22003
2211100,22003
2205508,22003
2206720,22003
2205557,22003
2206407,22003
2211001,22003
2201606,22003
2202737,22003
2203305,22003
2200400,22003
2207793,22003
2206308,22003
2200301,22004
2206951,22004
2202711,22004
2209906,22004
2210409,22004
2202208,22004
2202026,22004
2201051,22004
2205516,22004
2201945,22004
2202604,22004
2210656,22004
2206753,22004
2205276,22004
2207900,22004
2203420,22004
2202406,22004
2206357,22004
2205573,22004
2208809,22005
2205540,22005
2200202,22005
2204600,22005
2207751,22005
2200103,22005
2205250,22005
2207108,22005
2210508,22005
2209807,22005
2200608,22005
2209450,22005
2200509,22005
2201408,22005
2207504,22005
2201002,22005
2204105,22005
2211407,22006
2203503,22006
2210383,22006
2209609,22006
2208601,22006
2204006,22006
2209153,22006
2208106,22006
2206902,22006
2200905,22006
2201176,22006
2205599,22006
2204709,22006
2211308,22006
2209203,22007
2201150,22007
2211209,22007
2208908,22007
2202752,22008
2206001,22008
2205607,22008
2208551,22008
2200806,22008
2201705,22008
2205904,22008
2210631,22008
2203602,22008
2210391,22009
2202251,22009
2203909,22009
2204501,22009
2209708,22009
2210102,22009
2205102,22009
2205300,22009
2206704,22009
2203800,22009
2209005,22009
2207850,22009
2204402,22010
2209757,22010
2201309,22010
2206605,22010
2207405,22010
2209302,22010
2201903,22010
2203107,22010
2208700,22010
2200459,22010
2203230,22010
2201929,22011
2203750,22011
2200707,22011
2204550,22011
2202851,22011
2209559,22011
2211357,22011
2203354,22011
2203453,22011
2210607,22011
2210359,22011
2202505,22011
2205532,22011
2201988,22011
2207355,22011
2202307,22011
2210953,22011
2206654,22012
2201101,22012
2203206,22012
2210623,22012
2208858,22012
2207603,22012
2205524,22012
2203008,22012
2202901,22012
2204808,22013
2210201,22013
2203404,22013
2204352,22013
2208007,22013
2209104,22013
2211704,22013
2207553,22013
2200954,22013
2201804,22013
2210938,22013
2209856,22013
2209351,22013
2210375,22013
2209377,22013
2209955,22013
2207009,22013
2210979,22013
2202778,22013
2202075,22013
2209401,22014
2208205,22014
2206506,22014
2200251,22014
2200277,22014
2210300,22014
2204204,22014
2204907,22015
2204303,22015
2211506,22015
2205003,22015
2202091,22015
2202133,22015
2205201,22015
2207207,22015
2204154,22015
2211605,22015
2205953,22015
2201572,22015
2206050,22015
2205151,22015
2200053,22015
2202554,22015
2208650,22015
2210706,22015
2207801,22015
2203271,22015
2207777,22015
2201739,22015
2203859,22015
2209500,22015
2201556,22015
2202802,22015
2202109,22015
2209658,22015
2207306,22015
2210805,22015
2210904,22015
2202117,22015
2202455,22015
2205565,22015
2210003,22015
2207959,22015
2205359,22015
2207934,22015
2208874,22015
2307908,23001
2308906,23001
2304251,23001
2306553,23001
2302305,23001
2300200,23001
2307809,23001
2307254,23001
2302602,23001
2303907,23001
2304707,23001
2302057,23001
2313401,23002
2313609,23002
2304236,23002
2305001,23002
2312304,23002
2305308,23002
2303402,23002
2314102,23002
2304509,23003
2308807,23003
2313906,23003
2304004,23003
2308203,23004
2300507,23004
2308377,23005
2306108,23005
2304350,23005
2309003,23005
2304905,23005
2309904,23005
2312007,23005
2312908,23005
2303105,23005
2312809,23005
2304657,23005
2308005,23005
2311009,23006
2311702,23006
2313955,23006
2305902,23006
2310951,23006
2305803,23006
2312205,23007
2305209,23007
2303659,23007
2306405,23008
2300754,23008
2313500,23008
2312403,23009
2310209,23009
2310258,23009
2313757,23010
2313559,23010
2313807,23010
2306306,23010
2312601,23011
2313351,23011
2310704,23011
2304608,23011
2300903,23011
2302800,23012
2310407,23012
2303006,23012
2306603,23012
2310100,23013
2309805,23013
2302107,23013
2301208,23013
2305100,23013
2300150,23013
2309102,23013
2301406,23013
2302909,23013
2306504,23013
2311603,23013
2303956,23014
2301950,23014
2309458,23014
2310852,23015
2303501,23015
2302206,23015
2304285,23016
2301000,23016
2307700,23016
2303709,23016
2306256,23016
2309706,23016
2304400,23016
2307650,23016
2304954,23016
2305233,23017
2309607,23017
2301257,23018
2304103,23018
2313203,23018
2311264,23018
2309300,23018
2309409,23018
2305605,23018
2308609,23018
2305654,23018
2307635,23019
2302404,23019
2305266,23019
2303931,23019
2301851,23019
2311306,23019
2311405,23019
2303600,23020
2311900,23020
2300408,23020
2301505,23020
2310308,23020
2313302,23020
2313005,23021
2304269,23021
2308351,23021
2312700,23021
2310506,23021
2308500,23021
2310902,23021
2300309,23021
2306207,23022
2305357,23022
2301109,23022
2304459,23022
2305332,23023
2307601,23023
2308708,23023
2310001,23023
2313104,23023
2311504,23023
2312502,23023
2300705,23023
2311801,23023
2307007,23023
2306801,23024
2306900,23024
2306702,23024
2310803,23025
2306009,23025
2311231,23025
2304277,23025
2305506,23026
2303808,23026
2311355,23026
2305407,23026
2309508,23026
2307403,23027
2303303,23027
2314003,23027
2313252,23027
2300804,23027
2305704,23028
2313708,23028
2301802,23028
2307502,23028
2311207,23029
2302701,23029
2301307,23029
2301604,23029
2311959,23029
2304301,23030
2303204,23030
2300606,23030
2304806,23030
2301703,23031
2308104,23031
2302008,23031
2309201,23032
2312106,23032
2308401,23032
2307304,23032
2301901,23032
2304202,23032
2307106,23032
2311108,23032
2302503,23033
2307205,23033
2310605,23033
2308302,23033
2300101,23033
2401453,24001
2411056,24001
2413359,24001
2408003,24001
2404408,24001
2401107,24001
2404309,24002
2402303,24002
2403707,24002
2401008,24002
2405207,24003
2401305,24003
2407609,24003
2414605,24003
2414456,24003
2408706,24003
2406106,24004
2409902,24004
2410256,24004
2412807,24004
2400703,24004
2404853,24004
2402501,24004
2404705,24004
2400208,24004
2403301,24005
2407252,24005
2400406,24005
2407005,24005
2410801,24005
2412500,24005
2414753,24005
2403202,24005
2402907,24005
2404903,24006
2411007,24006
2413607,24006
2410207,24006
2410702,24006
2403905,24006
2414100,24006
2410504,24006
2406007,24006
2408607,24006
2411908,24006
2409407,24006
2407302,24006
2410009,24006
2414902,24006
2400505,24006
2413805,24006
2405900,24007
2400604,24007
2408409,24007
2410603,24007
2409308,24007
2414506,24007
2400901,24007
2406908,24007
2404002,24007
2407401,24007
2413557,24007
2404101,24008
2411601,24008
2401859,24008
2407203,24008
2404507,24008
2409704,24009
2405504,24009
2409605,24009
2401909,24009
2400802,24009
2403756,24009
2406700,24009
2400307,24009
2403806,24010
2406502,24010
2401651,24010
2413003,24010
2414159,24010
2402709,24010
2411403,24010
2405603,24011
2404804,24011
2402006,24011
2411809,24011
2413409,24011
2414308,24011
2412104,24011
2405702,24012
2408508,24012
2403400,24012
2403004,24012
2408904,24012
2412401,24012
2411429,24012
2400109,24012
2402402,24012
2403103,24012
2401602,24013
2410108,24013
2405801,24013
2405108,24013
2408805,24013
2413300,24014
2412302,24014
2407906,24014
2411205,24014
2406809,24014
2413706,24014
2402808,24014
2405009,24014
2414001,24014
2402105,24014
2411700,24014
2405405,24014
2411106,24014
2412906,24014
2406403,24014
2401503,24014
2401701,24015
2401800,24015
2414803,24015
2407807,24015
2404606,24015
2406601,24015
2406155,24015
2405306,24015
2406205,24015
2414704,24015
2408300,24015
2413508,24015
2406304,24015
2411502,24015
2409209,24015
2409100,24015
2410306,24015
2412609,24015
2409332,24015
2412708,24015
2410900,24015
2413102,24015
2412559,24016
2407500,24016
2408953,24016
2414407,24016
2410405,24016
2413904,24016
2409506,24016
2407104,24017
2402600,24017
2412203,24017
2408201,24017
2412005,24017
2403251,24018
2408102,24018
2403608,24018
2413201,24019
2402204,24019
2407708,24019
2403509,24019
2401206,24019
2415008,24019
2404200,24019
2409803,24019
2414209,24019
2401404,24019
2502300,25001
2502805,25001
2509370,25001
2512804,25001
2502003,25001
2502904,25001
2513901,25001
2514651,25001
2504306,25001
2507408,25001
2508109,25001
2512036,25002
2516904,25002
2513653,25002
2502052,25002
2513307,25002
2512077,25002
2502409,25002
2509602,25002
2504108,25002
2514503,25002
2503308,25002
2502201,25002
2500700,25002
2516805,25002
2503704,25002
2508802,25003
2505501,25003
2503753,25003
2504504,25003
2510907,25003
2513968,25003
2512101,25003
2513927,25003
2500775,25003
2516201,25003
2513984,25003
2514206,25003
2510006,25003
2509156,25003
2517209,25003
2508406,25003
2513208,25003
2510808,25004
2512606,25004
2513802,25004
2514404,25004
2503407,25004
2501153,25004
2508703,25004
2514602,25004
2510709,25004
2504207,25005
2510402,25005
2505907,25005
2504801,25005
2510204,25005
2500205,25005
2502607,25005
2513604,25005
2511301,25005
2502102,25006
2504405,25006
2507002,25006
2513505,25006
2513356,25006
2506608,25006
2514305,25006
2505600,25006
2511004,25006
2505303,25006
2515708,25006
2505402,25007
2509396,25007
2506707,25007
2503555,25007
2500106,25007
2516706,25007
2508000,25007
2512309,25007
2514552,25007
2516607,25007
2509008,25007
2507804,25008
2514909,25008
2514701,25008
2513000,25008
2513406,25008
2517100,25008
2516755,25009
2507705,25009
2505006,25009
2515401,25009
2501534,25009
2511103,25009
2511400,25009
2510303,25009
2506202,25009
2516508,25010
2501351,25010
2509701,25010
2503902,25010
2515203,25010
2510600,25010
2517407,25010
2514107,25010
2512200,25010
2515500,25010
2514800,25010
2510659,25010
2504850,25010
2508505,25010
2500734,25010
2504702,25010
2516300,25010
2506509,25011
2513851,25011
2512788,25011
2513943,25011
2504074,25011
2514008,25011
2503100,25011
2504355,25011
2500536,25011
2502508,25011
2501708,25011
2501575,25011
2500908,25012
2516102,25012
2512705,25012
2500577,25012
2512002,25012
2510501,25012
2505105,25012
2505352,25012
2510105,25012
2501609,25012
2516151,25012
2504157,25013
2516003,25013
2512747,25013
2501005,25013
2505709,25013
2503506,25013
2516409,25013
2509503,25014
2515104,25014
2501203,25014
2506004,25014
2511608,25015
2502706,25015
2515906,25015
2501500,25015
2509339,25015
2500403,25015
2501104,25015
2500304,25015
2511806,25016
2506301,25016
2500502,25016
2505808,25016
2503605,25016
2500809,25016
2505204,25016
2508208,25016
2508554,25016
2515609,25016
2511707,25016
2509800,25016
2501906,25016
2515930,25016
2512507,25017
2512408,25017
2508307,25017
2509206,25017
2502151,25017
2506103,25017
2515807,25017
2504009,25017
2507606,25018
2506400,25018
2503803,25018
2509404,25018
2506905,25018
2513109,25018
2507200,25018
2512754,25018
2506806,25018
2509909,25019
2517001,25019
2506251,25019
2513158,25019
2501302,25019
2505238,25020
2507101,25020
2509057,25020
2504033,25020
2505279,25020
2512903,25020
2512721,25020
2501401,25020
2507309,25020
2508901,25020
2509305,25020
2515302,25021
2509107,25021
2504900,25021
2507903,25021
2512762,25021
2515971,25021
2511509,25021
2515005,25021
2514453,25021
2513703,25022
2507507,25022
2503209,25022
2508604,25022
2501807,25022
2504603,25022
2500601,25023
2503001,25023
2511905,25023
2511202,25023
2601102,26001
2602001,26001
2615607,26001
2612554,26001
2606309,26001
2614303,26001
2607307,26001
2605301,26001
2609907,26001
2612455,26001
2609303,26002
2613503,26002
2612208,26002
2614006,26002
2604304,26002
2610400,26002
2616100,26002
2615706,26003
2603405,26003
2612471,26003
2613909,26003
2605608,26003
2614600,26003
2612802,26003
2611533,26003
2615904,26003
2600104,26003
2607109,26003
2614402,26003
2606903,26003
2603900,26003
2613602,26003
2607703,26003
2602506,26003
2605103,26004
2609154,26004
2601201,26004
2606606,26004
2614105,26004
2607000,26004
2601805,26004
2609808,26005
2612604,26005
2608750,26005
2611101,26005
2605152,26005
2600203,26005
2615201,26005
2603009,26005
2611002,26006
2603926,26006
2605707,26006
2614808,26006
2608057,26006
2601607,26006
2607406,26006
2600500,26007
2610806,26007
2615805,26007
2602803,26007
2616001,26007
2607505,26007
2604106,26008
2608008,26008
2611705,26008
2603108,26008
2601904,26008
2613107,26008
2602605,26008
2606408,26008
2603801,26008
2614709,26008
2601706,26008
2600609,26008
2611200,26008
2610905,26008
2613008,26008
2612406,26008
2616209,26009
2616183,26009
2605806,26009
2604155,26009
2614501,26009
2612703,26009
2615003,26009
2612505,26009
2615409,26009
2613800,26010
2602209,26010
2605400,26010
2612109,26010
2609105,26010
2610509,26010
2609709,26010
2608909,26010
2608107,26010
2604908,26010
2602407,26011
2603207,26011
2602100,26011
2608305,26011
2603306,26011
2601003,26011
2610103,26011
2603702,26011
2615102,26011
2608255,26011
2610301,26011
2612307,26011
2608602,26011
2606002,26011
2606507,26011
2604700,26011
2608800,26011
2608404,26011
2613206,26011
2603504,26012
2613305,26012
2600302,26012
2605004,26012
2610202,26012
2601300,26012
2602308,26012
2612000,26012
2608701,26012
2600807,26012
2606705,26012
2610608,26013
2605509,26013
2615300,26013
2604601,26013
2616308,26013
2607802,26013
2607653,26013
2606200,26013
2603603,26013
2600708,26013
2609006,26013
2608453,26013
2615508,26013
2602704,26013
2604007,26013
2608503,26013
2609501,26013
2606101,26014
2616407,26014
2611309,26014
2604403,26014
2604502,26014
2607950,26015
2612901,26015
2609204,26015
2604205,26015
2600401,26015
2601508,26015
2610004,26015
2605905,26015
2608206,26015
2616506,26015
2614204,26015
2611903,26015
2614857,26015
2613404,26015
2601409,26015
2611507,26015
2605202,26015
2604809,26015
2611804,26015
2600906,26015
2611408,26015
2607604,26016
2607752,26016
2606804,26016
2601052,26016
2610707,26017
2607901,26017
2603454,26017
2611606,26017
2609402,26017
2600054,26017
2609600,26017
2613701,26017
2602902,26018
2607208,26018
2605459,26019
2703304,27001
2706422,27001
2705002,27001
2700102,27001
2701605,27001
2702405,27002
2705804,27002
2707107,27002
2706109,27003
2708006,27003
2702504,27003
2704609,27003
2707206,27003
2701803,27003
2708956,27003
2706208,27003
2708402,27003
2706406,27003
2703700,27004
2704401,27004
2706000,27004
2703403,27004
2700904,27004
2700706,27004
2705705,27004
2705408,27004
2704906,27005
2704807,27005
2709004,27005
2702553,27005
2703106,27005
2706307,27005
2707602,27005
2705309,27005
2706604,27005
2700805,27005
2701209,27005
2704203,27006
2701506,27006
2709103,27006
2704104,27006
2702900,27006
2702009,27006
2702355,27006
2702603,27006
2708808,27006
2700300,27006
2708204,27007
2709202,27007
2705903,27007
2709301,27008
2703007,27008
2708105,27008
2708303,27008
2709400,27008
2707008,27008
2701902,27008
2703809,27009
2705200,27009
2702801,27009
2703908,27009
2705606,27009
2707305,27009
2703502,27009
2701357,27009
2708501,27009
2705101,27009
2702108,27009
2705507,27009
2701100,27009
2701308,27009
2700409,27009
2701704,27009
2707404,27010
2708709,27010
2704500,27010
2703601,27010
2706505,27010
2708907,27011
2707701,27011
2704302,27011
2706448,27011
2704708,27011
2700607,27011
2706901,27011
2700508,27011
2707909,27011
2702207,27011
2702306,27012
2701407,27012
2703759,27012
2708600,27012
2700201,27012
2707800,27012
2701001,27012
2704005,27012
2709152,27012
2706703,27013
2703205,27013
2702702,27013
2706802,27013
2707503,27013
2804508,28001
2804201,28001
2802205,28001
2801207,28001
2803104,28001
2805406,28001
2802601,28001
2802403,28001
2805604,28001
2805208,28002
2805000,28002
2801405,28002
2806008,28002
2802304,28002
2804458,28002
2804607,28003
2801900,28003
2804300,28003
2803807,28003
2800209,28003
2807006,28003
2800506,28004
2804102,28004
2803906,28004
2803708,28004
2802908,28004
2801009,28004
2806800,28004
2807402,28005
2807105,28005
2805505,28005
2805802,28006
2803500,28006
2800704,28007
2804706,28007
2800100,28007
2807303,28007
2805703,28007
2804409,28007
2801108,28007
2802700,28007
2801603,28007
2806404,28007
2807204,28008
2802007,28008
2806503,28008
2801306,28008
2803302,28009
2805307,28009
2803401,28009
2804904,28009
2806909,28009
2806107,28010
2805901,28010
2802502,28010
2803609,28010
2804003,28010
2806602,28010
2801504,28010
2806701,28011
2800308,28011
2804805,28011
2800605,28011
2800407,28012
2807501,28012
2801702,28012
2807600,28012
2803005,28012
2805109,28012
2800670,28012
2806206,28012
2803203,28013
2806305,28013
2802809,28013
2802106,28013
2907400,29001
2926202,29001
2911105,29001
2903201,29001
2919553,29001
2902500,29001
2928901,29001
2909703,29002
2904407,29002
2920452,29002
2909406,29002
2901403,29002
2928406,29002
2930907,29002
2933455,29002
2928208,29003
2930303,29003
2908101,29003
2929057,29003
2906105,29003
2928109,29003
2909109,29003
2909307,29003
2917359,29003
2930204,29004
2924405,29004
2905909,29004
2918407,29004
2930774,29004
2907202,29004
2909901,29004
2926004,29004
2911402,29005
2900207,29005
2927101,29005
2907707,29005
2924009,29005
2919900,29005
2915353,29006
2922250,29006
2904753,29006
2902708,29006
2933604,29006
2921609,29006
2913200,29006
2907103,29007
2910776,29007
2930154,29007
2923704,29007
2903904,29007
2930758,29007
2910859,29008
2917003,29008
2901809,29008
2924603,29008
2930105,29008
2917706,29008
2901353,29008
2906006,29008
2932457,29008
2912400,29009
2918506,29009
2925600,29009
2913101,29009
2929255,29009
2903235,29009
2901155,29009
2919157,29009
2932408,29009
2922052,29009
2906204,29009
2907608,29009
2918357,29009
2905305,29009
2903003,29009
2914604,29009
2911303,29009
2914406,29009
2930808,29009
2921708,29010
2925253,29010
2925931,29010
2930600,29010
2906873,29010
2929800,29010
2923357,29010
2905107,29010
2924801,29010
2933109,29010
2929370,29010
2917508,29010
2933158,29010
2905503,29010
2921203,29010
2921401,29010
2933059,29011
2919603,29011
2920106,29011
2902609,29011
2922102,29011
2931301,29011
2903805,29011
2912608,29011
2911907,29011
2914703,29011
2927200,29011
2919009,29011
2931400,29012
2924108,29012
2910305,29012
2928505,29012
2916856,29012
2901700,29012
2908903,29012
2923308,29012
2914000,29012
2928307,29012
2910800,29012
2929305,29012
2927507,29012
2925956,29012
2928802,29012
2914505,29012
2908200,29012
2908507,29012
2931103,29012
2913804,29012
2930402,29012
2900405,29012
2924652,29012
2901502,29012
2927606,29013
2924207,29013
2930766,29013
2909208,29013
2918100,29013
2932002,29014
2931905,29014
2921500,29014
2925907,29014
2906824,29014
2906808,29014
2910701,29014
2925808,29014
2922656,29014
2916500,29015
2922904,29015
2926509,29015
2902658,29015
2907905,29015
2923100,29015
2926608,29015
2910750,29015
2907806,29015
2900355,29015
2923803,29015
2901601,29015
2911857,29015
2923050,29015
2911253,29016
2924058,29016
2906402,29016
2906857,29016
2913309,29016
2922730,29016
2926301,29016
2919108,29016
2933000,29016
2928000,29016
2926103,29016
2908408,29016
2928950,29016
2902104,29016
2903607,29016
2930501,29016
2903276,29016
2931509,29016
2902054,29017
2929701,29017
2900306,29017
2927002,29017
2909604,29017
2901908,29017
2902203,29017
2913705,29017
2900702,29017
2908606,29018
2910602,29018
2907004,29018
2917904,29018
2910503,29018
2921005,29019
2907509,29019
2929503,29019
2925204,29019
2915908,29019
2931707,29019
2901106,29019
2929750,29020
2928604,29020
2928703,29020
2922201,29020
2933174,29020
2910206,29020
2904852,29020
2908309,29020
2907301,29020
2909802,29020
2929008,29020
2922300,29020
2929602,29020
2929107,29020
2911600,29020
2904902,29020
2922508,29020
2917805,29020
2920601,29020
2927309,29020
2902302,29020
2905701,29021
2910057,29021
2919207,29021
2930709,29021
2919926,29021
2927408,29021
2929206,29021
2906501,29021
2933208,29021
2916104,29021
2907558,29022
2904209,29022
2931053,29022
2904100,29022
2912509,29022
2919801,29022
2914109,29022
2923209,29022
2904506,29022
2923035,29022
2913002,29022
2912202,29023
2902807,29023
2908804,29023
2918605,29023
2900108,29023
2926707,29023
2904050,29023
2922854,29023
2901304,29023
2933406,29023
2915007,29023
2932804,29023
2923506,29023
2919306,29023
2904001,29023
2929909,29023
2924306,29023
2921906,29023
2922805,29024
2921302,29024
2918803,29024
2932101,29024
2929404,29024
2904308,29024
2918209,29024
2922409,29024
2901007,29024
2914307,29024
2915106,29024
2920502,29024
2917607,29024
2900603,29024
2918308,29024
2914208,29024
2918704,29024
2909505,29024
2916906,29024
2927903,29024
2919058,29024
2918001,29024
2916708,29024
2901957,29024
2924900,29024
2920809,29024
2910107,29025
2926905,29025
2923605,29025
2900504,29025
2919504,29025
2917409,29026
2932606,29026
2918753,29026
2924504,29026
2912004,29026
2911709,29026
2906600,29026
2913408,29026
2919405,29026
2923407,29026
2920205,29026
2917334,29026
2905008,29026
2905206,29026
2926400,29026
2921807,29026
2921054,29026
2930006,29026
2931004,29027
2908705,29027
2925709,29027
2906899,29027
2919959,29027
2909000,29027
2924702,29027
2931806,29027
2917201,29027
2920304,29027
2902005,29027
2904605,29027
2926806,29027
2911659,29027
2912301,29028
2925006,29028
2922706,29028
2904803,29028
2933307,29028
2905156,29028
2913507,29028
2903508,29028
2903706,29028
2902906,29028
2903953,29028
2925105,29028
2906709,29028
2901205,29028
2921450,29028
2920403,29028
2910008,29028
2926657,29029
2915809,29029
2910404,29029
2916401,29029
2917102,29029
2919702,29029
2916807,29029
2920007,29029
2925402,29029
2925758,29030
2922607,29030
2905800,29030
2931202,29030
2932903,29030
2917300,29030
2913457,29030
2905404,29030
2920700,29030
2924678,29030
2916609,29031
2908002,29031
2911006,29031
2910909,29031
2932200,29031
2903300,29031
2904704,29031
2902401,29031
2900900,29031
2914901,29031
2912707,29031
2915502,29031
2913606,29031
2916203,29031
2914802,29031
2929354,29031
2915403,29031
2932705,29031
2927804,29031
2912103,29031
2916302,29031
2903409,29031
2932507,29031
2905602,29031
2928059,29031
2906303,29031
2918555,29031
2902252,29031
2923902,29031
2920908,29031
2911204,29031
2912905,29031
2915700,29031
2915205,29031
2922755,29031
2911501,29031
2931608,29031
2933505,29031
2903102,29031
2913903,29031
2932309,29031
2900801,29032
2921104,29032
2906907,29032
2925501,29032
2933257,29032
2912806,29032
2915601,29032
2922003,29032
2918902,29032
2918456,29032
2916005,29032
2923001,29032
2931350,29032
2915304,29032
2910727,29032
2914653,29032
2927705,29032
2925303,29032
2911808,29032
3126208,31001
3109451,31001
3122470,31001
3108206,31001
3109303,31001
3170479,31001
3104502,31001
3170404,31001
3144375,31001
3147006,31002
3128600,31002
3136306,31002
3153400,31002
3171006,31002
3137536,31002
3161700,31002
3108552,31002
3137106,31002
3170750,31002
3139300,31003
3142254,31003
3140852,31003
3132107,31003
3117836,31003
3136959,31003
3142700,31003
3162450,31003
3108255,31003
3149150,31003
3135209,31003
3130051,31003
3161106,31003
3116159,31003
3150570,31003
3170529,31003
3135100,31004
3154507,31004
3146552,31004
3145059,31004
3166956,31004
3152204,31004
3135050,31004
3127339,31004
3124302,31004
3142908,31004
3141009,31004
3115474,31004
3139250,31004
3162708,31005
3170651,31005
3156502,31005
3168002,31005
3155603,31005
3120870,31005
3157005,31005
3145372,31005
3106655,31005
3130655,31005
3144656,31005
3127073,31005
3157377,31005
3160454,31005
3143450,31005
3101003,31005
3122355,31005
3135605,31006
3137304,31006
3129608,31006
3109402,31006
3170800,31006
3138104,31006
3151206,31006
3157609,31006
3164209,31006
3154457,31006
3126703,31007
3143302,31007
3108602,31007
3116506,31007
3162658,31007
3138658,31007
3136801,31007
3170909,31007
3162401,31007
3162252,31007
3127354,31007
3135357,31007
3129657,31007
3138682,31007
3118809,31007
3111150,31007
3112703,31007
3142007,31007
3147956,31007
3171030,31007
3152131,31007
3170008,31007
3132008,31008
3136579,31008
3120300,31008
3108503,31008
3127800,31008
3146255,31008
3126604,31009
3128253,31009
3145455,31009
3107307,31009
3123809,31009
3127602,31010
3125408,31010
3125507,31010
3165909,31010
3121001,31010
3120102,31010
3153301,31010
3121605,31010
3141801,31011
3116100,31011
3169703,31011
3104452,31011
3138351,31011
3112307,31011
3132503,31011
3102852,31011
3171071,31011
3113503,31011
3106507,31011
3126505,31011
3136520,31011
3135456,31011
3145307,31012
3152170,31012
3113008,31012
3146305,31012
3119500,31012
3134004,31012
3171600,31012
3103405,31012
3133303,31013
3117009,31013
3141405,31013
3102704,31013
3148707,31013
3143153,31014
3158102,31014
3155108,31014
3156601,31014
3105202,31014
3136504,31014
3140555,31014
3101706,31014
3135803,31014
3125606,31014
3146750,31014
3134707,31014
3160306,31014
3136009,31014
3157104,31014
3122454,31014
3115458,31015
3104700,31015
3126752,31015
3165552,31015
3146206,31015
3132305,31015
3137007,31015
3148509,31015
3126802,31015
3152402,31015
3168606,31015
3139201,31015
3145356,31015
3144300,31016
3166709,31016
3113701,31016
3120151,31016
3138906,31016
3100906,31016
3127057,31016
3170305,31016
3106606,31016
3157658,31016
3134202,31017
3129103,31017
3159803,31017
3112604,31017
3109808,31017
3131406,31017
3103504,31018
3130705,31018
3115805,31018
3169604,31018
3115003,31018
3103751,31018
3142809,31018
3111804,31018
3152808,31018
3170206,31018
3131604,31019
3123502,31019
3100104,31019
3156403,31019
3127909,31019
3124807,31019
3143104,31019
3120706,31019
3166808,31019
3148103,31019
3119302,31019
3159704,31020
3162104,31020
3141207,31020
3114303,31020
3168903,31020
3103801,31020
3137502,31020
3155504,31020
3148004,31020
3128907,31020
3127008,31021
3127107,31021
3151602,31021
3133402,31021
3116902,31021
3150703,31021
3138625,31021
3114550,31021
3161304,31021
3170438,31021
3134400,31021
3111101,31021
3117306,31022
3111408,31022
3121258,31022
3100708,31022
3118205,31022
3170107,31022
3171105,31022
3145000,31023
3156908,31023
3157708,31023
3149200,31023
3168101,31023
3111507,31023
3153004,31023
3149804,31023
3104007,31023
3129509,31023
3169356,31024
3152006,31024
3143500,31024
3107000,31024
3146404,31024
3115607,31024
3100203,31024
3120904,31025
3109204,31025
3104809,31025
3160603,31025
3143609,31025
3153202,31025
3142502,31025
3131109,31025
3119104,31025
3125705,31025
3136405,31025
3137205,31026
3135308,31026
3103900,31026
3138302,31026
3138807,31026
3142403,31026
3124708,31026
3107406,31026
3153707,31026
3123205,31026
3166600,31026
3140506,31026
3134608,31027
3153608,31027
3105004,31027
3118908,31027
3131000,31027
3158508,31027
3103207,31027
3126406,31027
3112505,31027
3159001,31027
3109907,31027
3167202,31027
3141108,31027
3147402,31027
3135704,31027
3127206,31027
3109600,31027
3146909,31027
3139706,31027
3149606,31027
3143708,31028
3118106,31028
3117504,31028
3147501,31028
3164803,31028
3160504,31028
3132800,31028
3160207,31028
3166501,31028
3167103,31028
3102407,31028
3156007,31028
3122603,31028
3126000,31029
3151404,31029
3145802,31029
3147105,31029
3163102,31029
3140704,31030
3124104,31030
3149309,31030
3156700,31030
3106705,31030
3117876,31030
3144805,31030
3106200,31030
3140159,31030
3165537,31030
3110004,31030
3154804,31030
3129806,31030
3162922,31030
3157807,31030
3109006,31030
3136652,31030
3153905,31030
3154606,31030
3137601,31030
3118601,31030
3130101,31030
3171204,31030
3162955,31030
3168309,31031
3136603,31031
3105400,31031
3157203,31031
3115359,31031
3107703,31031
3131703,31031
3125903,31031
3158003,31031
3121803,31031
3163409,31031
3136207,31031
3155702,31031
3161908,31031
3106002,31031
3144706,31031
3161007,31031
3102308,31031
3142304,31032
3106408,31032
3135407,31032
3133709,31032
3120607,31032
3155306,31032
3108107,31032
3132206,31032
3150406,31032
3140001,31033
3146107,31033
3131901,31033
3121704,31033
3118304,31034
3120409,31034
3123908,31034
3115409,31034
3118007,31034
3133907,31034
3121407,31034
3159100,31034
3114907,31034
3153806,31034
3145901,31034
3160900,31034
3113800,31035
3127503,31035
3165503,31035
3157500,31035
3122207,31035
3156809,31035
3140605,31035
3162807,31035
3166105,31035
3128006,31035
3148400,31035
3123106,31035
3116803,31035
3171808,31035
3108800,31035
3100609,31036
3112059,31036
3148608,31036
3164100,31036
3163508,31036
3126950,31036
3136553,31036
3158201,31036
3164506,31036
3150000,31037
3110806,31037
3132701,31037
3163300,31037
3144904,31037
3163003,31037
3133204,31037
3144201,31037
3122108,31037
3112653,31037
3126901,31037
3119203,31037
3135076,31037
3101805,31037
3171907,31037
3125804,31037
3123700,31037
3140100,31037
3161650,31037
3167707,31037
3161601,31037
3171501,31037
3127305,31037
3169505,31037
3127701,31037
3139607,31038
3115706,31038
3161056,31038
3144672,31038
3131802,31038
3141504,31038
3162575,31038
3106309,31039
3149952,31039
3135001,31039
3141702,31039
3158953,31039
3140308,31039
3103009,31039
3144359,31039
3131307,31039
3168705,31039
3100500,31039
3119401,31039
3136108,31039
3168408,31040
3122504,31040
3150539,31040
3109253,31040
3131158,31040
3129301,31040
3162609,31040
3130556,31040
3164472,31040
3159357,31040
3160959,31040
3170578,31040
3107802,31040
3170057,31040
3113404,31040
3150158,31040
3130903,31040
3157252,31040
3120003,31040
3123858,31040
3127370,31041
3118403,31041
3159506,31041
3120839,31041
3134103,31041
3101102,31041
3154309,31041
3102209,31041
3117405,31041
3131208,31041
3151909,31041
3144003,31041
3168051,31041
3151503,31042
3123403,31042
3164308,31042
3170602,31042
3105103,31042
3119807,31042
3168200,31042
3130309,31042
3141306,31042
3114204,31043
3160405,31043
3149705,31043
3133808,31043
3161809,31043
3117603,31043
3145208,31043
3116605,31043
3164605,31043
3122306,31043
3130200,31043
3110400,31044
3133501,31044
3148905,31044
3146503,31044
3119955,31044
3104205,31044
3126109,31044
3150505,31044
3149903,31045
3111903,31045
3158805,31045
3112000,31045
3100807,31045
3111200,31045
3120201,31045
3130002,31046
3108008,31046
3159902,31046
3114006,31046
3114501,31046
3150604,31046
3161205,31046
3145604,31046
3147709,31046
3126307,31047
3121209,31047
3162203,31047
3162948,31047
3107604,31047
3115102,31047
3116407,31047
3147907,31047
3101904,31047
3152907,31047
3129707,31047
3112406,31047
3133758,31047
3112802,31047
3143005,31048
3109501,31048
3163904,31048
3128709,31048
3104106,31048
3128303,31048
3144102,31048
3145109,31048
3136900,31048
3134806,31048
3132909,31048
3143203,31048
3164704,31048
3165107,31048
3114402,31049
3147204,31049
3122405,31049
3139003,31049
3114709,31049
3102001,31049
3166907,31049
3125200,31049
3104304,31049
3101607,31049
3151701,31049
3117108,31049
3170701,31050
3142601,31050
3123601,31050
3128105,31050
3111606,31050
3111309,31050
3113909,31050
3110905,31050
3169307,31050
3160801,31050
3165206,31050
3118700,31050
3107109,31050
3130507,31050
3158300,31050
3169406,31050
3101409,31051
3130606,31051
3134905,31051
3143401,31051
3146008,31051
3151800,31051
3111002,31051
3105301,31051
3159209,31051
3108404,31051
3102605,31051
3110301,31051
3129905,31051
3109105,31052
3119906,31052
3165800,31052
3165578,31052
3169059,31052
3110608,31052
3117900,31052
3124500,31052
3152501,31052
3110509,31052
3143807,31052
3107901,31052
3169109,31052
3108305,31052
3133600,31052
3124401,31052
3131505,31052
3125101,31052
3127404,31052
3165404,31052
3162005,31053
3119005,31053
3159605,31053
3113602,31053
3164407,31053
3169802,31053
3162302,31053
3167400,31053
3117801,31053
3109709,31053
3144409,31053
3129202,31053
3149101,31053
3163201,31053
3117207,31053
3110707,31054
3133006,31054
3133105,31054
3101300,31054
3117702,31054
3145505,31054
3167806,31054
3135902,31054
3152600,31054
3137809,31054
3163706,31054
3147600,31054
3164902,31054
3114105,31054
3115508,31054
3104908,31054
3107208,31055
3107505,31055
3103603,31055
3102803,31055
3138500,31055
3147808,31055
3165305,31055
3141900,31055
3166402,31055
3114808,31055
3167004,31055
3120805,31055
3101201,31055
3118502,31056
3121100,31056
3140407,31056
3147303,31056
3108909,31056
3172202,31056
3139904,31056
3151008,31056
3132404,31056
3150901,31056
3122801,31056
3120508,31056
3171709,31056
3138203,31057
3130408,31057
3134301,31057
3144607,31057
3130804,31057
3134509,31057
3154705,31057
3114600,31057
3138708,31057
3158706,31058
3123007,31058
3139102,31058
3115201,31058
3137403,31058
3154200,31058
3144508,31058
3165008,31058
3157336,31058
3162500,31058
3156106,31058
3119708,31058
3150307,31058
3152709,31058
3168804,31058
3154408,31059
3105905,31059
3129400,31059
3166204,31059
3101631,31059
3102902,31059
3121506,31059
3105608,31059
3157302,31059
3112208,31059
3113206,31059
3113107,31059
3171154,31060
3154002,31060
3157401,31060
3135506,31060
3155009,31060
3105707,31060
3154903,31060
3164001,31060
3152105,31060
3100401,31060
3165560,31060
3122702,31060
3166303,31060
3128204,31060
3170503,31060
3145851,31060
3160108,31060
3150208,31060
3140902,31061
3137700,31061
3100302,31061
3163607,31061
3167608,31061
3139409,31061
3138674,31061
3102050,31061
3112109,31061
3154150,31061
3123528,31061
3153509,31061
3140530,31061
3139508,31061
3112901,31061
3158904,31061
3162559,31061
3157906,31061
3116001,31061
3148756,31061
3108701,31062
3102506,31062
3111705,31062
3148806,31062
3163805,31062
3152303,31062
3153103,31062
3116704,31062
3168507,31062
3124005,31062
3103702,31062
3148301,31062
3110202,31062
3171303,31062
3116308,31062
3102100,31062
3137908,31062
3150802,31062
3155207,31062
3166006,31062
3171402,31063
3148202,31063
3164431,31063
3105509,31063
3103108,31063
3156452,31063
3143906,31063
3161403,31063
3142106,31063
3125952,31063
3124906,31063
3142205,31063
3149002,31063
3122009,31063
3124203,31063
3125309,31063
3110103,31063
3113305,31063
3169208,31063
3145877,31063
3167301,31064
3167905,31064
3169901,31064
3156304,31064
3169000,31064
3151305,31064
3128402,31064
3129004,31064
3141603,31064
3172004,31064
3123304,31064
3155801,31064
3161502,31064
3165701,31064
3128808,31064
3121902,31064
3104601,31064
3158607,31065
3160702,31065
3145703,31065
3155900,31065
3138609,31065
3140803,31065
3103306,31065
3115904,31065
3116209,31065
3167509,31065
3106101,31065
3119609,31065
3125002,31065
3127388,31065
3157278,31065
3159308,31065
3155405,31065
3106804,31065
3150109,31065
3149408,31065
3146602,31065
3145406,31065
3136702,31065
3165602,31065
3149507,31065
3140209,31065
3162906,31065
3121308,31065
3128501,31065
3106903,31065
3156205,31065
3139805,31065
3159407,31065
3158409,31066
3122900,31066
3115300,31066
3138005,31066
3154101,31066
3138401,31066
3146701,31066
3104403,31066
3132602,31066
3151107,31066
3124609,31066
3160009,31066
3172103,31066
3101508,31066
3203304,32001
3200169,32001
3200904,32001
3202108,32001
3201001,32002
3200136,32002
3204708,32002
3205176,32002
3205150,32002
3203908,32002
3203353,32003
3200359,32003
3204005,32003
3201506,32003
3204658,32003
3200805,32003
3202256,32003
3203502,32004
3204252,32004
3203601,32004
3204104,32004
3203056,32005
3201605,32005
3204054,32005
3204906,32005
3202207,32006
3202504,32006
3205010,32006
3203205,32006
3203130,32006
3200607,32006
3204351,32006
3201704,32007
3203163,32007
3201159,32007
3203346,32007
3201902,32007
3205069,32007
3200102,32007
3202900,32008
3204500,32008
3204559,32008
3204609,32008
3202702,32008
3204955,32008
3205002,32009
3205309,32009
3201308,32009
3205200,32009
3205101,32009
3202405,32010
3200300,32010
3204203,32010
3200409,32010
3204401,32010
3202603,32010
3203007,32011
3202306,32011
3202454,32011
3203700,32011
3200201,32011
3202553,32011
3202652,32011
3201803,32011
3202009,32011
3203403,32012
3203809,32012
3200706,32012
3203106,32012
3201209,32012
3201407,32012
3205036,32012
3200508,32012
3201100,32012
3204807,32012
3203320,32013
3202801,32013
3204302,32013
3302056,33001
3302304,33001
3302205,33001
3304102,33001
3300605,33001
3306156,33001
3303104,33001
3305133,33002
3302106,33002
3304706,33002
3300902,33002
3303005,33002
3300159,33002
3304805,33003
3305000,33003
3301009,33003
3301157,33003
3304755,33003
3300936,33004
3301405,33004
3304151,33004
3302403,33004
3300225,33005
3300951,33005
3305406,33005
3306008,33005
3303708,33005
3301207,33006
3301504,33006
3301108,33006
3302452,33006
3303401,33007
3301603,33007
3300506,33007
3305703,33007
3304607,33008
3305307,33008
3305901,33008
3305604,33009
3304524,33009
3301306,33009
3305505,33010
3300704,33010
3301876,33010
3305208,33010
3300233,33010
3300258,33010
3300209,33010
3303955,33011
3300407,33011
3304409,33011
3304003,33011
3306305,33011
3304201,33011
3304110,33011
3302254,33011
3304128,33011
3300308,33012
3304508,33012
3306107,33012
3300100,33013
3303807,33013
3303609,33014
3302809,33014
3301801,33014
3306206,33014
3302908,33014
3303856,33014
3303906,33015
3305802,33015
3305158,33015
3300803,33016
3304300,33016
3305554,33017
3302601,33017
3302007,33017
3304904,33018
3303203,33018
3302700,33018
3302270,33018
3304144,33018
3300456,33018
3303302,33018
3305752,33018
3301850,33018
3305109,33018
3302858,33018
3301900,33018
3304557,33018
3303500,33018
3301702,33018
3302502,33018
3556958,35001
3540408,35001
3555802,35001
3549003,35001
3513850,35001
3514205,35001
3535903,35001
3547650,35001
3540259,35001
3535200,35001
3545704,35001
3503950,35001
3502606,35001
3524808,35001
3529658,35001
3529104,35001
3546108,35001
3547403,35001
3546603,35001
3554904,35001
3547205,35001
3544509,35001
3532843,35001
3555307,35002
3515509,35002
3549201,35002
3528205,35002
3530003,35002
3520707,35002
3515202,35002
3534757,35002
3518008,35002
3529609,35002
3536901,35002
3540309,35003
3544202,35003
3557105,35003
3556107,35003
3536257,35003
3501202,35003
3510708,35003
3512902,35003
3501806,35003
3557154,35004
3555604,35004
3519402,35004
3500907,35004
3525706,35004
3504602,35004
3511300,35004
3500204,35004
3534005,35004
3519808,35004
3521150,35004
3524501,35004
3530300,35004
3517505,35004
3539608,35004
3549805,35004
3533007,35004
3529500,35004
3504800,35004
3536604,35004
3532801,35004
3540804,35004
3555356,35004
3534203,35004
3553401,35004
3535002,35004
3530409,35004
3517901,35004
3533908,35004
3533254,35005
3545605,35005
3535705,35005
3503703,35005
3514957,35005
3552601,35005
3535101,35005
3511201,35005
3514924,35005
3538105,35005
3511102,35005
3551900,35005
3509304,35005
3516804,35006
3518909,35006
3516903,35006
3528304,35006
3504206,35006
3533304,35006
3532868,35006
3515905,35006
3549250,35006
3531001,35007
3532504,35007
3539905,35007
3528106,35007
3555703,35007
3531407,35007
3532702,35007
3532603,35007
3551306,35007
3556008,35008
3544806,35008
3533502,35008
3521507,35008
3521903,35008
3528858,35008
3512001,35009
3512100,35009
3505500,35009
3524204,35010
3517406,35010
3521309,35010
3531902,35010
3544905,35010
3549409,35010
3534302,35010
3533601,35010
3529708,35010
3508207,35011
3520103,35011
3524105,35011
3503000,35011
3517703,35011
3543600,35012
3516200,35012
3513207,35012
3536307,35012
3542701,35012
3537008,35012
3543105,35012
3523701,35012
3525409,35012
3549508,35012
3515608,35013
3539004,35013
3556909,35013
3539509,35013
3531308,35013
3546504,35013
3524303,35013
3518602,35013
3553658,35013
3553203,35013
3506102,35013
3531506,35013
3553104,35013
3556800,35013
3554409,35013
3553708,35013
3510104,35013
3518859,35014
3505609,35014
3547601,35014
3540200,35014
3540903,35014
3551405,35014
3527603,35014
3514601,35014
3513108,35014
3525102,35014
3550902,35014
3551504,35014
3551702,35014
3543402,35014
3507803,35014
3547502,35014
3501004,35015
3510906,35015
3546256,35015
3505906,35015
3509403,35015
3547908,35015
3533205,35016
3517802,35016
3523008,35016
3530102,35016
3532108,35016
3552304,35016
3502101,35016
3537404,35016
3511003,35016
3520442,35016
3552551,35016
3506201,35017
3502804,35017
3544400,35017
3548054,35017
3518206,35017
3556305,35017
3526506,35017
3517109,35018
3506409,35018
3507704,35018
3555208,35018
3511904,35018
3508108,35018
3537701,35018
3527256,35018
3506508,35018
3527702,35018
3505104,35018
3504404,35018
3516507,35018
3501103,35018
3548401,35018
3537305,35018
3507753,35018
3512506,35018
3508801,35019
3527108,35019
3541604,35019
3544608,35019
3517208,35019
3517307,35019
3517000,35019
3525805,35019
3500709,35020
3539400,35020
3536570,35020
3504701,35020
3508306,35020
3526803,35020
3541109,35020
3504305,35020
3514502,35020
3507456,35020
3542503,35020
3503406,35020
3538907,35020
3519105,35020
3506003,35020
3527504,35020
3555505,35020
3503604,35020
3540101,35020
3518107,35020
3555901,35020
3536703,35021
3528007,35021
3525300,35021
3507308,35021
3514106,35021
3520004,35021
3522901,35021
3505203,35021
3506805,35021
3505302,35021
3522000,35021
3529807,35021
3535804,35022
3519253,35022
3511409,35022
3504503,35022
3521804,35022
3503109,35022
3500550,35022
3523503,35022
3506904,35023
3541059,35023
3550100,35023
3536109,35023
3502309,35023
3507506,35023
3512308,35023
3503208,35024
3543709,35024
3501707,35024
3516853,35024
3552700,35024
3506706,35024
3514007,35024
3519600,35024
3522703,35024
3507407,35024
3554755,35024
3532900,35024
3532058,35024
3546900,35024
3529302,35024
3548906,35025
3514304,35025
3542909,35025
3513702,35025
3519303,35025
3502002,35025
3554706,35026
3507902,35026
3523602,35026
3512704,35026
3521101,35026
3543907,35026
3526902,35027
3512407,35027
3521408,35027
3526704,35027
3503307,35027
3546207,35027
3512209,35027
3546702,35027
3554508,35028
3525854,35028
3547007,35028
3510401,35028
3511706,35028
3500600,35028
3550407,35028
3542107,35028
3530904,35028
3545159,35028
3538709,35028
3544004,35028
3540705,35029
3539301,35029
3500303,35029
3546306,35029
3556404,35030
3553302,35030
3548104,35030
3515186,35030
3549102,35030
3510807,35030
3500402,35030
3523800,35030
3530508,35030
3549706,35030
3553609,35030
3508702,35030
3513900,35030
3550803,35030
3548005,35031
3503802,35031
3515152,35031
3522604,35031
3530706,35031
3530805,35031
3557303,35031
3552403,35032
3509502,35032
3556206,35032
3545803,35032
3531803,35032
3524709,35032
3519055,35032
3519071,35032
3533403,35032
3536505,35032
3512803,35032
3556701,35032
3501608,35032
3514908,35032
3520509,35032
3537107,35032
3538204,35033
3536802,35033
3552106,35033
3500501,35033
3501905,35033
3551603,35033
3531209,35033
3527009,35033
3514403,35034
3549300,35034
3536406,35034
3531605,35034
3555109,35034
3547106,35034
3526001,35034
3533106,35034
3535408,35034
3534807,35034
3543808,35035
3536000,35035
3516002,35035
3534906,35035
3528908,35035
3545100,35035
3534609,35035
3520806,35035
3544707,35035
3540853,35035
3527405,35035
3500105,35035
3515806,35035
3521606,35035
3543238,35036
3547700,35036
3501301,35036
3541208,35036
3544251,35036
3553906,35036
3515301,35036
3525607,35036
3532207,35036
3515350,35036
3539202,35036
3502408,35036
3552908,35036
3515129,35036
3541406,35036
3545506,35036
3542206,35036
3500808,35036
3508900,35036
3548302,35036
3542404,35036
3554300,35036
3520608,35036
3529203,35036
3530201,35036
3528700,35036
3541307,35036
3538303,35036
3541505,35036
3509106,35036
3542008,35037
3541802,35037
3519006,35037
3505807,35037
3519204,35037
3555000,35037
3503356,35037
3514700,35038
3556602,35038
3515657,35038
3540002,35038
3534104,35038
3516606,35038
3501509,35038
3529005,35038
3527801,35038
3534500,35038
3533700,35038
3501400,35038
3516705,35038
3509809,35039
3535309,35039
3528809,35039
3513306,35039
3516101,35039
3539707,35039
3510005,35039
3535507,35039
3553955,35039
3507209,35039
3527900,35039
3537156,35039
3504008,35039
3519501,35039
3532157,35039
3519907,35039
3541703,35039
3533809,35040
3528601,35040
3553005,35040
3515194,35040
3545407,35040
3534708,35040
3543204,35040
3520905,35040
3546405,35040
3506300,35040
3557204,35040
3510153,35040
3550506,35040
3538808,35040
3554607,35040
3551207,35040
3554201,35040
3515400,35040
3521705,35041
3532827,35041
3553856,35041
3507159,35041
3523206,35041
3522406,35041
3543501,35041
3508009,35041
3522802,35041
3505005,35041
3553807,35041
3512605,35041
3522307,35042
3502200,35042
3500758,35042
3509452,35042
3518503,35042
3511508,35043
3507001,35043
3540507,35043
3554656,35043
3541653,35043
3537503,35043
3511607,35043
3554003,35043
3526407,35043
3502705,35044
3522158,35044
3543253,35044
3543006,35044
3510203,35044
3522653,35044
3517604,35044
3542800,35044
3505351,35044
3521200,35044
3537909,35045
3537800,35045
3553500,35045
3519709,35045
3550209,35045
3502754,35046
3540606,35046
3501152,35046
3521002,35046
3523909,35046
3557006,35046
3550605,35046
3551108,35046
3545209,35046
3502903,35046
3552205,35046
3528403,35046
3545308,35046
3510302,35046
3508405,35046
3556503,35047
3509601,35047
3525904,35047
3527306,35047
3524006,35047
3523404,35048
3525201,35048
3532009,35048
3507605,35048
3538600,35048
3525508,35048
3554953,35048
3507100,35048
3504107,35048
3532405,35048
3556354,35048
3531704,35049
3509700,35049
3548203,35049
3548609,35049
3520202,35050
3549904,35050
3508504,35050
3546009,35050
3524402,35050
3538006,35050
3554102,35050
3554805,35050
3518404,35051
3538501,35051
3509957,35051
3502507,35051
3527207,35051
3540754,35051
3544301,35051
3508603,35051
3541901,35051
3513405,35051
3526605,35051
3552007,35052
3503505,35052
3504909,35052
3503158,35052
3549607,35052
3524907,35053
3535606,35053
3532306,35053
3526308,35053
3550001,35053
3542305,35053
3513603,35053
3555406,35054
3510500,35054
3550704,35054
3520400,35054
3536208,35055
3509908,35055
3520301,35055
3529906,35055
3509254,35055
3505401,35055
3551801,35055
3524600,35055
3542602,35055
3514809,35055
3526100,35055
3520426,35055
3531100,35056
3537602,35056
3523305,35056
3522109,35056
3537206,35056
3505708,35057
3525003,35057
3534401,35057
3539103,35057
3510609,35057
3547304,35057
3522505,35057
3509205,35057
3516408,35058
3509007,35058
3516309,35058
3528502,35058
3546801,35059
3518800,35059
3503901,35059
3526209,35060
3513009,35060
3549953,35060
3556453,35060
3515004,35060
3522208,35060
3552809,35060
3515103,35060
3548807,35061
3548708,35061
3550308,35061
3513801,35061
3543303,35061
3544103,35061
3529401,35061
3547809,35061
3515707,35062
3506607,35062
3518305,35062
3530607,35062
3545001,35062
3552502,35062
3523107,35062
3539806,35062
3513504,35063
3541000,35063
3551009,35063
3548500,35063
3506359,35063
3518701,35063
4111308,41001
4119707,41001
4107108,41001
4115903,41001
4127304,41001
4118006,41001
4126702,41001
4124608,41001
4117107,41001
4118402,41001
4124202,41001
4115002,41001
4100905,41001
4108908,41001
4124905,41001
4100608,41001
4116505,41001
4118105,41001
4118303,41001
4106704,41001
4110300,41001
4112603,41001
4113502,41001
4123956,41001
4121000,41001
4120200,41001
4123709,41001
4125902,41001
4123303,41001
4115101,41002
4107256,41002
4117206,41002
4100509,41002
4103370,41002
4108320,41002
4128807,41002
4114708,41002
4110607,41002
4118857,41002
4128625,41002
4100707,41002
4106605,41002
4128104,41002
4111555,41002
4103479,41002
4107520,41002
4109906,41002
4126900,41002
4125357,41002
4118907,41002
4105607,41003
4125555,41003
4126108,41003
4126801,41003
4109104,41003
4112405,41003
4105508,41003
4122602,41003
4110409,41003
4113007,41003
4127908,41003
4100459,41004
4103008,41004
4112207,41004
4128005,41004
4112959,41004
4103909,41004
4116802,41004
4121356,41004
4120655,41004
4116109,41004
4108601,41004
4104303,41005
4107553,41005
4107702,41005
4102505,41005
4114005,41005
4113734,41005
4101705,41005
4106555,41005
4122503,41005
4121109,41005
4118808,41005
4107504,41005
4110805,41005
4127205,41005
4116901,41006
4114104,41006
4116307,41006
4128302,41006
4108106,41006
4102109,41006
4102208,41006
4120408,41006
4101150,41006
4123402,41006
4110003,41006
4110904,41006
4116406,41006
4124509,41006
4105904,41006
4123600,41006
4113601,41006
4105102,41006
4109203,41006
4103404,41006
4113809,41006
4111902,41006
4116000,41007
4120002,41007
4120333,41007
4120507,41007
4100806,41007
4126504,41007
4108007,41007
4102802,41007
4107900,41008
4107801,41008
4111605,41008
4125308,41008
4111100,41008
4107306,41008
4117404,41008
4117503,41009
4126256,41009
4114807,41009
4114203,41009
4115200,41009
4122701,41010
4101507,41010
4103800,41010
4117297,41010
4101408,41010
4114906,41010
4115754,41010
4112108,41010
4103503,41010
4109807,41011
4119657,41011
4126678,41011
4113700,41011
4103701,41011
4122404,41011
4115507,41012
4103206,41012
4103305,41012
4122107,41012
4113106,41012
4107603,41012
4106852,41012
4117271,41013
4125803,41013
4113759,41013
4101655,41013
4125001,41013
4113429,41013
4104402,41013
4108551,41013
4122651,41013
4114500,41013
4101853,41013
4111506,41013
4122172,41013
4108700,41013
4112504,41013
4112702,41014
4101903,41014
4123204,41014
4126009,41014
4128401,41014
4121307,41014
4117214,41014
4124707,41014
4100103,41015
4121901,41015
4101101,41015
4106001,41015
4123105,41015
4117008,41015
4116604,41015
4124301,41015
4106407,41015
4123907,41015
4102406,41015
4111001,41015
4126405,41015
4113403,41015
4112900,41016
4124103,41016
4102703,41016
4103602,41016
4121802,41016
4111803,41016
4126207,41017
4107751,41017
4112306,41017
4111704,41017
4109708,41017
4106100,41017
4119202,41017
4107009,41017
4125407,41018
4109005,41018
4124004,41018
4120705,41018
4104709,41018
4127809,41018
4122909,41018
4112801,41018
4126603,41018
4128500,41018
4127502,41019
4128534,41019
4127106,41019
4117305,41019
4121703,41019
4110078,41019
4112009,41020
4119400,41020
4101606,41020
4126306,41020
4104907,41021
4119905,41021
4104659,41021
4117701,41021
4107157,41022
4110656,41022
4127700,41022
4125456,41022
4125753,41022
4117909,41022
4127957,41022
4127403,41022
4102000,41022
4112751,41022
4115358,41022
4123501,41022
4108205,41022
4117453,41022
4108809,41022
4115853,41022
4120853,41022
4107538,41022
4114609,41022
4117222,41022
4118451,41022
4103453,41023
4104808,41023
4104055,41023
4104600,41023
4124020,41023
4113452,41023
4109757,41023
4127858,41023
4101051,41023
4123824,41023
4103354,41023
4107124,41023
4106308,41023
4103057,41023
4109302,41023
4110052,41023
4116703,41023
4105003,41023
4121257,41024
4115606,41024
4128559,41024
4105300,41024
4108304,41024
4125704,41024
4116059,41024
4115804,41024
4124053,41024
4110953,41024
4126355,41024
4119004,41025
4119806,41025
4121406,41025
4101002,41025
4120358,41025
4123808,41025
4102752,41025
4104501,41025
4119251,41026
4124400,41026
4121604,41026
4115408,41026
4116950,41026
4122800,41026
4107850,41026
4114351,41026
4107405,41026
4108403,41026
4102604,41026
4103156,41026
4128609,41026
4125209,41026
4123006,41026
4107207,41026
4103024,41026
4106571,41026
4117255,41026
4126272,41027
4105409,41027
4115309,41027
4124806,41027
4103222,41027
4111209,41027
4128708,41027
4126652,41027
4118501,41027
4106506,41027
4119608,41028
4123857,41028
4115739,41028
4103040,41028
4117800,41028
4113254,41028
4110201,41029
4104451,41029
4104428,41029
4121752,41029
4103958,41029
4108650,41029
4119301,41029
4109401,41029
4108452,41029
4127965,41029
4120903,41029
4122156,41029
4115457,41029
4113304,41029
4107546,41029
4128658,41029
4117057,41029
4120150,41029
4105706,41030
4117602,41030
4109658,41030
4114401,41030
4106456,41030
4108957,41031
4120606,41031
4110508,41031
4111407,41031
4110102,41031
4107736,41031
4127007,41031
4110706,41032
4122008,41032
4113908,41032
4121505,41032
4106803,41033
4108502,41033
4118600,41033
4102901,41033
4118709,41033
4120309,41033
4128203,41033
4101309,41034
4125605,41034
4125100,41034
4128633,41035
4100202,41035
4105201,41035
4113205,41036
4120101,41036
4104204,41037
4125506,41037
4101804,41037
4127882,41037
4106902,41037
4122206,41037
4119152,41037
4100400,41037
4104253,41037
4119509,41037
4105805,41037
4102307,41037
4111258,41037
4114302,41037
4106209,41037
4104006,41037
4120804,41037
4103107,41037
4107652,41037
4116208,41038
4115705,41038
4119954,41038
4109609,41038
4109500,41038
4118204,41038
4101200,41038
4127601,41039
4119103,41039
4100301,41039
4122305,41039
4104105,41039
4121208,41039
4215075,42001
4211009,42001
4216255,42001
4206603,42001
4207650,42001
4214151,42001
4215208,42001
4202099,42001
4215554,42001
4202081,42001
4212007,42001
4200804,42001
4218756,42001
4206405,42001
4216701,42001
4212239,42001
4217204,42001
4202156,42001
4208401,42001
4204905,42001
4205001,42001
4200507,42002
4204756,42002
4216008,42002
4217550,42002
4212106,42002
4213153,42002
4211454,42002
4217758,42002
4204350,42002
4215695,42002
4204202,42002
4211405,42002
4212908,42002
4217303,42002
4207858,42002
4200556,42002
4208955,42002
4218855,42002
4205431,42002
4214201,42002
4204400,42002
4210902,42002
4203105,42002
4206652,42002
4204103,42002
4205357,42002
4207759,42002
4204707,42002
4217956,42002
4210506,42002
4215356,42002
4217154,42002
4202578,42002
4215687,42002
4216909,42002
4211652,42002
4215752,42002
4203501,42002
4209458,42003
4210555,42003
4219705,42003
4211850,42003
4207684,42003
4200101,42003
4219101,42003
4205308,42003
4213401,42003
4202537,42003
4204459,42003
4219507,42003
4212270,42003
4216107,42003
4205175,42003
4209177,42003
4205605,42003
4219176,42004
4210035,42004
4203907,42004
4204004,42004
4209201,42004
4206702,42004
4205209,42004
4218509,42004
4206801,42004
4211801,42004
4200408,42004
4208609,42004
4209003,42004
4209706,42004
4210050,42004
4203006,42004
4210704,42004
4203154,42004
4207577,42004
4201604,42004
4217907,42004
4205506,42004
4219309,42004
4215406,42004
4213005,42004
4206751,42004
4214409,42004
4201653,42005
4211876,42005
4208005,42005
4207700,42005
4217501,42005
4201273,42005
4213104,42005
4212601,42005
4209854,42005
4200754,42005
4207601,42005
4204301,42005
4213906,42005
4207809,42005
4219606,42005
4218251,42006
4218301,42006
4203808,42006
4202131,42006
4208104,42006
4212205,42006
4210100,42006
4211108,42006
4210308,42006
4207908,42006
4213609,42006
4215679,42006
4215802,42007
4215000,42007
4203303,42007
4209102,42008
4205803,42008
4201307,42008
4208906,42008
4202057,42008
4217402,42008
4204509,42008
4208450,42008
4206504,42008
4216206,42008
4210605,42008
4213302,42009
4205555,42009
4213351,42009
4216057,42009
4204806,42009
4202875,42009
4215505,42009
4200051,42009
4219150,42009
4203600,42009
4219853,42009
4211058,42009
4215059,42010
4203253,42010
4212056,42010
4218905,42010
4218954,42010
4216800,42010
4202602,42010
4201000,42010
4216503,42010
4211892,42010
4204558,42010
4209300,42010
4202438,42010
4203402,42010
4211751,42010
4204178,42010
4202503,42010
4204152,42010
4209904,42011
4214805,42011
4218608,42011
4210852,42011
4209508,42011
4217808,42011
4214607,42011
4213708,42011
4201901,42011
4214508,42011
4215307,42011
4200309,42011
4214102,42011
4202859,42011
4219408,42011
4209151,42011
4205100,42011
4214003,42011
4219358,42011
4206900,42011
4205159,42012
4215109,42012
4207502,42012
4218202,42012
4201257,42012
4202206,42012
4205902,42012
4214706,42012
4213203,42012
4201703,42012
4202404,42012
4210001,42012
4206306,42012
4202701,42012
4202909,42012
4216354,42013
4207106,42013
4211306,42013
4208203,42013
4202008,42013
4203204,42013
4202453,42013
4213500,42013
4208302,42013
4212809,42013
4212502,42013
4202107,42013
4200200,42014
4201802,42014
4204194,42014
4208500,42014
4207403,42014
4212700,42014
4219200,42014
4200903,42015
4218004,42015
4216305,42015
4211504,42015
4210209,42015
4203709,42015
4209805,42015
4215703,42016
4217253,42016
4216602,42016
4206009,42016
4201208,42016
4202305,42016
4211900,42016
4212304,42016
4205407,42016
4200606,42017
4200705,42017
4214300,42017
4201109,42017
4215901,42017
4207304,42018
4205704,42018
4211702,42018
4202800,42018
4218707,42018
4209409,42018
4217105,42018
4208807,42018
4215604,42018
4207205,42018
4218400,42018
4203956,42018
4215455,42018
4214904,42018
4212650,42018
4201505,42018
4206108,42018
4217006,42018
4212403,42018
4206207,42018
4211207,42019
4219002,42019
4218350,42019
4217600,42019
4205456,42019
4220000,42019
4211603,42019
4207007,42019
4204608,42019
4204251,42019
4209607,42019
4211256,42020
4202073,42020
4201406,42020
4210803,42020
4208708,42020
4218806,42020
4215653,42020
4205191,42020
4218103,42020
4213807,42020
4216404,42020
4212254,42020
4217709,42020
4201950,42020
4210407,42020
4315008,43001
4304309,43001
4313425,43001
4317202,43001
4315057,43001
4322103,43001
4315073,43001
4317905,43001
4300307,43001
4322301,43001
4321808,43001
4318499,43001
4310405,43001
4312302,43002
4306007,43002
4307450,43002
4321477,43002
4301859,43002
4302600,43002
4321402,43002
4302378,43002
4321907,43002
4306320,43002
4323705,43002
4320230,43002
4304002,43002
4319109,43002
4315404,43002
4309704,43002
4313011,43002
4302204,43002
4309605,43002
4306734,43002
4321857,43003
4313466,43003
4305801,43003
4306924,43003
4316204,43003
4308508,43003
4313805,43003
4323507,43003
4323101,43003
4310504,43003
4314498,43003
4315909,43003
4320206,43003
4321329,43003
4306072,43003
4303400,43003
4300646,43003
4313441,43003
4307302,43003
4311601,43003
4306429,43003
4312708,43003
4309126,43003
4300505,43003
4315552,43003
4321956,43003
4314704,43003
4321634,43004
4306957,43004
4306130,43004
4304853,43004
4308052,43004
4300901,43004
4311908,43004
4314787,43004
4303806,43004
4314134,43004
4315313,43004
4307005,43004
4320602,43004
4307559,43004
4308904,43004
4306973,43004
4322905,43004
4301552,43004
4310462,43004
4301925,43004
4319703,43004
4307203,43004
4308250,43004
4310702,43004
4308706,43004
4302055,43004
4305116,43004
4310900,43004
4301701,43004
4312005,43004
4312203,43005
4316600,43005
4317954,43005
4318424,43005
4313607,43005
4309803,43005
4322186,43005
4303202,43005
4311700,43005
4318606,43005
4301800,43005
4303707,43006
4309506,43006
4320578,43006
4303301,43006
4305207,43006
4319307,43006
4316477,43006
4312179,43006
4319372,43006
4315107,43006
4316303,43006
4305009,43007
4320321,43007
4319158,43007
4323754,43007
4307831,43007
4317509,43007
4309001,43007
4306932,43007
4306353,43007
4317707,43007
4318903,43007
4319208,43007
4315958,43007
4302501,43007
4314555,43007
4322343,43007
4310207,43008
4310413,43008
4319737,43008
4302584,43008
4305900,43008
4300208,43008
4305702,43008
4301503,43008
4314308,43008
4313334,43008
4305871,43008
4305405,43008
4313904,43008
4317806,43008
4300455,43008
4305850,43009
4312955,43009
4300471,43009
4304705,43009
4305306,43009
4317756,43009
4320107,43009
4301958,43009
4310850,43009
4314456,43009
4302154,43009
4319364,43009
4311429,43009
4316428,43009
4313490,43009
4313706,43009
4305157,43009
4318457,43009
4312674,43010
4305975,43010
4314100,43010
4316105,43010
4314779,43010
4320503,43010
4312138,43010
4307054,43010
4311809,43010
4304903,43010
4322558,43010
4323408,43010
4317558,43010
4308854,43010
4303558,43010
4305504,43010
4318051,43010
4306304,43010
4312625,43010
4316733,43010
4300059,43010
4305371,43010
4323358,43010
4320909,43010
4309902,43010
4304952,43010
4311155,43011
4300554,43011
4304101,43011
4307500,43011
4310009,43011
4316451,43011
4316709,43011
4306106,43011
4302220,43011
4302238,43011
4310876,43011
4315354,43011
4308458,43011
4316436,43011
4321006,43012
4321469,43012
4311270,43012
4323200,43012
4320305,43012
4305603,43012
4312658,43012
4302006,43013
4312427,43013
4309951,43013
4318465,43013
4320800,43013
4308300,43013
4311254,43013
4322152,43013
4312757,43014
4301404,43014
4310579,43014
4319711,43014
4323606,43014
4312906,43014
4306452,43014
4312351,43014
4318440,43014
4312807,43014
4309407,43014
4300661,43014
4313300,43014
4315172,43014
4314001,43014
4322350,43014
4309258,43014
4320404,43014
4310306,43014
4300703,43014
4315206,43014
4311304,43015
4304622,43015
4310439,43015
4303673,43015
4318200,43015
4303608,43015
4318622,43015
4312617,43015
4311122,43015
4314464,43015
4312377,43015
4302303,43015
4307401,43015
4322509,43015
4313086,43016
4308201,43016
4319000,43016
4305108,43016
4307906,43016
4300802,43016
4313359,43016
4308607,43016
4305959,43016
4304804,43016
4312385,43016
4302253,43016
4307864,43016
4322806,43016
4314548,43016
4302105,43016
4323309,43016
4305934,43016
4317251,43016
4314472,43017
4311205,43017
4311130,43017
4315321,43017
4317400,43017
4322376,43017
4310553,43017
4304655,43017
4322202,43017
4306379,43018
4311106,43018
4321493,43018
4302907,43018
4319125,43018
4312104,43018
4319802,43018
4310538,43018
4319604,43018
4319406,43018
4316907,43018
4323457,43018
4313037,43018
4300109,43019
4318432,43019
4313102,43019
4306700,43019
4315503,43019
4308409,43019
4310751,43019
4320651,43019
4308003,43019
4309571,43020
4322707,43020
4322533,43020
4304200,43020
4312153,43020
4320677,43020
4316808,43020
4322608,43020
4309159,43020
4309753,43020
4307815,43020
4320701,43020
4320263,43020
4314068,43020
4311239,43020
4301206,43020
4314159,43021
4320859,43021
4315131,43021
4305587,43021
4312054,43021
4302451,43021
4306205,43021
4321451,43021
4316758,43021
4304697,43021
4302402,43021
4315156,43021
4305835,43021
4311403,43021
4304614,43021
4308078,43021
4307807,43021
4308433,43021
4321626,43021
4320453,43021
4323770,43021
4321303,43021
4301008,43021
4310363,43021
4315453,43021
4315800,43021
4322855,43021
4306759,43021
4312609,43021
4313003,43021
4306809,43021
4314027,43022
4305132,43022
4313391,43022
4303004,43022
4313953,43022
4314076,43022
4315701,43022
4311643,43023
4314803,43023
4319752,43023
4318481,43023
4322251,43023
4304689,43023
4319505,43023
4302352,43023
4309555,43023
4311791,43023
4302659,43023
4316501,43023
4319356,43023
4312401,43023
4314035,43023
4318614,43023
4308102,43023
4322541,43023
4300570,43023
4301651,43023
4314753,43023
4311627,43024
4310801,43024
4312476,43024
4315149,43024
4316956,43024
4306403,43024
4316006,43024
4315750,43024
4321204,43024
4310108,43024
4321709,43024
4304408,43024
4309100,43024
4314423,43024
4313201,43024
4301750,43025
4301107,43025
4312252,43025
4318408,43025
4308805,43025
4302709,43025
4305355,43025
4322004,43025
4322525,43025
4314902,43026
4306767,43026
4309209,43026
4307708,43026
4309050,43026
4300604,43026
4320552,43026
4313375,43026
4309308,43026
4311981,43026
4323002,43026
4304606,43026
4320008,43026
4303103,43026
4313060,43026
4318705,43026
4307609,43026
4319901,43026
4303905,43026
4313409,43026
4300877,43026
4314050,43026
4304671,43027
4313656,43027
4317608,43027
4312500,43027
4304713,43027
4321352,43027
4311775,43027
4304630,43027
4301636,43027
4310330,43027
4313508,43027
4323804,43027
4305454,43027
4321436,43027
4310652,43027
4321600,43027
4311734,43027
4321667,43027
4321832,43027
4306551,43027
4321501,43027
4301057,43027
4312443,43027
4301909,43028
4305173,43028
4303509,43028
4320354,43028
4305447,43028
4321105,43028
4306502,43028
4300851,43028
4318101,43029
4311759,43029
4300406,43029
4322400,43029
4301875,43029
4315305,43029
4311718,43029
4310603,43029
4318002,43029
4308656,43029
4316972,43030
4318309,43030
4317103,43030
4316402,43030
4301602,43031
4309654,43031
4300034,43031
4306601,43031
4311502,43031
4300638,43032
4314605,43032
4314175,43032
4314506,43032
4304358,43032
4302808,43032
4317004,43032
4306908,43032
4306056,43033
4304507,43033
4304663,43033
4312450,43033
4314407,43033
4318804,43033
4322327,43033
4305124,43033
4314209,43033
4301073,43033
4307104,43034
4311007,43034
4301305,43034
4318507,43035
4317301,43035
4305439,43035
4315602,43035
5003207,50001
5005202,50001
5006903,50001
5003488,50002
5000708,50002
5001102,50002
5005608,50002
5007695,50003
5002605,50003
5000252,50003
5007935,50003
5003900,50003
5003306,50003
5006408,50003
5007406,50003
5003108,50004
5008008,50004
5007307,50004
5007901,50004
5001508,50004
5004908,50004
5002704,50004
5007505,50004
5006275,50005
5002902,50005
5002951,50005
5003256,50005
5007802,50006
5006309,50006
5001003,50006
5004403,50006
5007109,50007
5008305,50007
5000203,50007
5002308,50007
5007554,50007
5001904,50008
5007976,50008
5002001,50008
5006200,50008
5000807,50008
5005004,50009
5005806,50009
5002209,50009
5002100,50009
5004106,50009
5002803,50009
5002159,50009
5006002,50010
5005251,50010
5005152,50010
5005400,50010
5008404,50010
5003801,50010
5007208,50010
5003504,50010
5004502,50010
5002407,50010
5003702,50010
5000906,50010
5006606,50010
5001243,50010
5000609,50010
5004007,50011
5005103,50011
5003454,50011
5005707,50011
5004304,50011
5004601,50011
5003751,50011
5005681,50011
5004809,50011
5006259,50011
5004700,50011
5000856,50011
5007703,50011
5003157,50011
5007950,50011
5006358,50011
5101902,51001
5107578,51001
5101407,51001
5105176,51001
5103379,51001
5102850,51001
5103254,51001
5105150,51001
5108956,51002
5100250,51002
5106158,51002
5106299,51002
5100805,51002
5102793,51002
5108808,51003
5103205,51003
5108055,51003
5106216,51003
5106422,51003
5105606,51003
5104104,51003
5106265,51003
5107875,51004
5102637,51004
5103502,51004
5102686,51004
5103304,51004
5107305,51005
5108907,51005
5106802,51005
5106273,51005
5107941,51005
5105101,51005
5105903,51006
5108006,51006
5106240,51006
5106224,51006
5104526,51006
5107925,51006
5105259,51006
5107768,51006
5104542,51006
5106190,51007
5103056,51007
5107909,51007
5108303,51007
5107248,51007
5105580,51007
5103700,51007
5104559,51007
5108501,51007
5106208,51008
5106455,51008
5103858,51008
5106307,51008
5107883,51009
5107354,51009
5101852,51009
5105309,51009
5107776,51009
5100359,51009
5106315,51009
5106778,51009
5108600,51009
5107859,51009
5102694,51009
5107743,51009
5103353,51009
5107180,51009
5106257,51010
5106281,51010
5102603,51010
5107065,51010
5106174,51010
5102702,51010
5100201,51010
5107792,51010
5101803,51011
5101001,51011
5103106,51011
5108352,51012
5103361,51012
5106752,51012
5105507,51012
5106182,51012
5103452,51013
5107958,51013
5106232,51013
5106851,51013
5101704,51013
5107750,51014
5107206,51014
5105234,51014
5105622,51014
5101258,51014
5103809,51014
5107156,51014
5105002,51014
5104500,51014
5103957,51014
5106828,51014
5107107,51014
5101308,51015
5100508,51015
5108857,51015
5106000,51015
5107263,51015
5107701,51016
5100102,51016
5104906,51016
5103403,51017
5107800,51017
5108402,51017
5103007,51017
5106109,51017
5106505,51018
5101605,51018
5103437,51018
5102504,51018
5102678,51019
5107040,51019
5107198,51020
5103908,51020
5108204,51020
5106703,51020
5106653,51020
5101209,51020
5104203,51020
5108105,51020
5107008,51020
5106372,51021
5104609,51021
5107602,51021
5107297,51021
5103601,51021
5107404,51021
5105200,51021
5104807,51021
5100409,51022
5100300,51022
5100607,51022
5214838,52001
5214002,52001
5220207,52001
5214051,52001
5215256,52001
5221577,52001
5206404,52001
5219258,52002
5211008,52002
5212204,52002
5202502,52002
5203807,52002
5212956,52002
5208905,52002
5202155,52002
5207535,52002
5203104,52003
5201702,52003
5203401,52003
5217203,52003
5202353,52003
5213707,52003
5207105,52003
5203575,52004
5214101,52004
5208103,52004
5219605,52004
5204656,52004
5207501,52004
5213772,52004
5221452,52004
5218003,52004
5213087,52004
5221601,52004
5212808,52004
5204706,52004
5200829,52004
5200555,52004
5214606,52004
5214879,52004
5204953,52004
5219704,52004
5205521,52005
5204904,52005
5213509,52005
5214903,52005
5221080,52005
5220009,52005
5200605,52005
5205307,52005
5209291,52006
5211206,52006
5209804,52006
5220157,52006
5205000,52006
5208608,52006
5218706,52006
5216908,52006
5214705,52006
5203203,52006
5218904,52006
5205406,52006
5219456,52006
5221700,52006
5214861,52006
5219357,52006
5209457,52006
5218607,52006
5210158,52006
5213855,52006
5220280,52006
5210901,52006
5215009,52007
5203609,52007
5205208,52007
5215405,52007
5211800,52007
5204854,52007
5212055,52007
5201108,52007
5219902,52007
5219506,52007
5216809,52007
5221007,52007
5206800,52007
5201603,52007
5210604,52007
5210406,52007
5210000,52007
5209606,52007
5211404,52007
5210562,52007
5215207,52008
5213400,52008
5205703,52008
5204201,52008
5211602,52008
5207600,52008
5212006,52008
5210307,52008
5200902,52008
5210208,52008
5200852,52009
5201306,52009
5202809,52009
5200159,52009
5213905,52009
5203939,52009
5220108,52009
5219001,52009
5202601,52009
5219100,52009
5221502,52009
5207808,52009
5214408,52009
5204557,52010
5208707,52010
5221197,52010
5209705,52010
5203302,52010
5209200,52010
5201405,52010
5208806,52010
5203559,52010
5220454,52010
5214507,52010
5201801,52010
5200050,52010
5221403,52010
5219738,52010
5208400,52010
5212303,52010
5218300,52011
5203962,52011
5212709,52011
5220702,52011
5208301,52011
5209903,52011
5209408,52011
5220686,52011
5200803,52011
5206701,52011
5219803,52011
5207907,52011
5200308,52012
5200100,52012
5205802,52012
5217302,52012
5222302,52012
5206206,52012
5205497,52012
5215231,52012
5212501,52012
5219753,52012
5221858,52012
5217609,52012
5200258,52012
5208004,52012
5204003,52012
5205513,52012
5215603,52012
5213053,52012
5200175,52012
5222203,52012
5219712,52013
5213756,52013
5213004,52013
5219308,52013
5218805,52013
5205059,52013
5201454,52013
5205471,52013
5207253,52013
5204409,52013
5213103,52013
5211909,52013
5219407,52013
5220504,52013
5201504,52013
5216452,52013
5218102,52013
5215652,52013
5221908,52014
5207352,52014
5221551,52014
5204607,52014
5209952,52014
5220058,52014
5200134,52014
5211701,52014
5205455,52014
5215702,52014
5215900,52014
5207402,52014
5216403,52014
5204250,52015
5203500,52015
5212105,52015
5209101,52015
5216007,52015
5211503,52015
5200506,52015
5203906,52015
5213806,52015
5218789,52015
5212907,52015
5200209,52015
5204508,52015
5217708,52015
5222054,52015
5218391,52015
5206503,52015
5217104,52015
5212600,52015
5218052,52015
5209937,52015
5208152,52016
5222005,52016
5220264,52016
5220603,52016
5219209,52016
5215801,52016
5221809,52016
5217401,52016
5215306,52016
5206305,52016
5215504,52017
5201207,52017
5204805,52017
5208509,52017
5214804,52017
5210109,52017
5206909,52017
5205109,52017
5221304,52017
5206602,52017
5205901,52017
5204102,52018
5211305,52018
5204300,52018
5210802,52018
5212253,52018
5218508,52018
5216304,52018
5220405,52018
5209150,52018
5300108,53001